[
  {
    "name": "i18n",
    "description": "Translates string to the resource language."
  },
  {
    "name": "format",
    "insertHandlerType": "brackets",
    "description": "Value(s) to apply on the formatting pattern provided in expression."
  },
  {
    "name": "scheme",
    "insertHandlerType": "quotes",
    "description": "Sets the scheme part of URI provided in expression. Empty value removes the scheme."
  },
  {
    "name": "domain",
    "insertHandlerType": "quotes",
    "description": "Sets the domain part (host and port) of URI provided in expression."
  },
  {
    "name": "locale",
    "insertHandlerType": "quotes",
    "description": "Overrides language from the source."
  },
  {
    "name": "context",
    "insertHandlerType": "quotes",
    "description": "Escaping policy to apply on expression value."
  },
  {
    "name": "hint",
    "insertHandlerType": "quotes",
    "description": "Information about the context for the translators."
  },
  {
    "name": "join",
    "insertHandlerType": "quotes",
    "description": "Separator to use when joining array elements."
  },
  {
    "name": "path",
    "insertHandlerType": "quotes",
    "description": "Sets resource path of URI provided in expression."
  },
  {
    "name": "prependPath",
    "insertHandlerType": "quotes",
    "description": "Path to add before resource path of URI provided in expression."
  },
  {
    "name": "appendPath",
    "insertHandlerType": "quotes",
    "description": "Path to add after resource path of URI provided in expression."
  },
  {
    "name": "selectors",
    "insertHandlerType": "quotes",
    "description": "Sets selectors part of URI provided in expression. Empty value removes all selectors."
  },
  {
    "name": "addSelectors",
    "insertHandlerType": "quotes",
    "description": "Selectors to add to URI provided in expression."
  },
  {
    "name": "removeSelectors",
    "insertHandlerType": "quotes",
    "description": "Selectors to remove from URI provided in expression."
  },
  {
    "name": "extension",
    "insertHandlerType": "quotes",
    "description": "Sets the extension of URI provided in expression. Empty value removes the extension."
  },
  {
    "name": "suffix",
    "insertHandlerType": "quotes",
    "description": "Sets the suffix part of URI provided in expression. Empty value removes the suffix."
  },
  {
    "name": "prependSuffix",
    "insertHandlerType": "quotes",
    "description": "Suffix to add before the suffix part of URI provided in expression."
  },
  {
    "name": "appendSuffix",
    "insertHandlerType": "quotes",
    "description": "Suffix to add after the suffix part of URI provided in expression."
  },
  {
    "name": "query",
    "insertHandlerType": "quotes",
    "description": "Sets the query part of URI provided in expression. Value should be a map. Empty value removes the query part."
  },
  {
    "name": "addQuery",
    "insertHandlerType": "quotes",
    "description": "Adds or extends the query part of URI provided in expression. Value should be a map."
  },
  {
    "name": "removeQuery",
    "insertHandlerType": "quotes",
    "description": "Identifiers of query parameters to remove from URI provided in expression."
  },
  {
    "name": "fragment",
    "insertHandlerType": "quotes",
    "description": "Sets the fragment part of URI provided in expression. Empty value removes the fragment part."
  }
]
