[
  {
    "nodeName": "jcr:root",
    "childNodes": [
      "cq:dropTargets",
      "cq:actionConfigs",
      "cq:formParameters",
      "cq:inplaceEditing",
      "cq:listeners"
    ],
    "attributes": [
      {
        "name": "jcr:primaryType",
        "type": "String",
        "values": [
          "cq:EditConfig"
        ],
        "autoinsert": "true"
      },
      {
        "name": "cq:actions",
        "type": "String|Array",
        "delimiter": ",",
        "values": [
          "text:(\\w+)",
          "-",
          "edit",
          "delete",
          "insert",
          "copymove",
          "_clear"
        ]
      },
      {
        "name": "cq:layout",
        "type": "String",
        "values": [
          "rollover",
          "editbar",
          "auto"
        ]
      },
      {
        "name": "cq:dialogMode",
        "type": "String",
        "values": [
          "floating",
          "inline",
          "auto"
        ]
      },
      {
        "name": "cq:emptyText",
        "type": "String"
      },
      {
        "name": "cq:inherit",
        "type": "Boolean",
        "values": [
          "true",
          "false"
        ]
      }
    ]
  },
  {
    "nodeName": "cq:dropTargets",
    "childNodes": ["cq:DropTargetConfig"],
    "attributes": [
      {
        "name": "jcr:primaryType",
        "type": "String",
        "values": ["nt:unstructured"],
        "autoinsert": "true"
      }
    ]
  },
  {
    "nodeName": "cq:dropTargets",
    "childNodes": ["cq:DropTargetConfig"],
    "attributes": [
      {
        "name": "jcr:primaryType",
        "type": "String",
        "values": ["cq:DropTargetConfig"],
        "autoinsert": "true"
      },
      {
        "name": "accept",
        "type": "Regexp|Array",
        "values": []
      },
      {
        "name": "groups",
        "type": "String|Array",
        "values": []
      },
      {
        "name": "propertyName",
        "type": "String",
        "values": []
      }
    ]
  },
  {
    "nodeName": "cq:actionConfigs",
    "childNodes": [],
    "attributes": []
  },
  {
    "nodeName": "cq:formParameters",
    "childNodes": [],
    "attributes": [
      {
        "name": "jcr:primaryType",
        "type": "String",
        "values": ["nt:unstructured"],
        "autoinsert": "true"
      }
    ]
  },
  {
    "nodeName": "cq:inplaceEditing",
    "childNodes": [],
    "attributes": [
      {
        "name": "jcr:primaryType",
        "type": "String",
        "values": ["cq:InplaceEditingConfig"],
        "autoinsert": "true"
      },
      {
        "name": "active",
        "type": "Boolean",
        "values": [
          "{Boolean}true",
          "{Boolean}false"
        ]
      },
      {
        "name": "editorType",
        "type": "String",
        "values": [
          "plaintext",
          "title",
          "text"
        ]
      }
    ]
  },
  {
    "nodeName": "cq:listeners",
    "childNodes": [],
    "attributes": [
      {
        "name": "jcr:primaryType",
        "type": "String",
        "values": ["cq:EditListenersConfig"],
        "autoinsert": "true"
      },
      {
        "name": "beforedelete",
        "type": "String|Function",
        "values": [
          "REFRESH_PAGE",
          "REFRESH_SELF",
          "REFRESH_PARENT",
          "REFRESH_SELFMOVED",
          "REFRESH_INSERTED"
        ]
      },
      {
        "name": "beforeedit",
        "type": "String|Function",
        "values": [
          "REFRESH_PAGE",
          "REFRESH_SELF",
          "REFRESH_PARENT",
          "REFRESH_SELFMOVED",
          "REFRESH_INSERTED"
        ]
      },
      {
        "name": "beforecopy",
        "type": "String|Function",
        "values": [
          "REFRESH_PAGE",
          "REFRESH_SELF",
          "REFRESH_PARENT",
          "REFRESH_SELFMOVED",
          "REFRESH_INSERTED"
        ]
      },
      {
        "name": "beforeinsert",
        "type": "String|Function",
        "values": [
          "REFRESH_PAGE",
          "REFRESH_SELF",
          "REFRESH_PARENT",
          "REFRESH_SELFMOVED",
          "REFRESH_INSERTED"
        ]
      },
      {
        "name": "beforemove",
        "type": "String|Function",
        "values": [
          "REFRESH_PAGE",
          "REFRESH_SELF",
          "REFRESH_PARENT",
          "REFRESH_SELFMOVED",
          "REFRESH_INSERTED"
        ]
      },
      {
        "name": "beforechildinsert",
        "type": "String|Function",
        "values": [
          "REFRESH_PAGE",
          "REFRESH_SELF",
          "REFRESH_PARENT",
          "REFRESH_SELFMOVED",
          "REFRESH_INSERTED"
        ]
      },
      {
        "name": "afterdelete",
        "type": "String|Function",
        "values": [
          "REFRESH_PAGE",
          "REFRESH_SELF",
          "REFRESH_PARENT",
          "REFRESH_SELFMOVED",
          "REFRESH_INSERTED"
        ]
      },
      {
        "name": "afteredit",
        "type": "String|Function",
        "values": [
          "REFRESH_PAGE",
          "REFRESH_SELF",
          "REFRESH_PARENT",
          "REFRESH_SELFMOVED",
          "REFRESH_INSERTED"
        ]
      },
      {
        "name": "aftercopy",
        "type": "String|Function",
        "values": [
          "REFRESH_PAGE",
          "REFRESH_SELF",
          "REFRESH_PARENT",
          "REFRESH_SELFMOVED",
          "REFRESH_INSERTED"
        ]
      },
      {
        "name": "afterinsert",
        "type": "String|Function",
        "values": [
          "REFRESH_PAGE",
          "REFRESH_SELF",
          "REFRESH_PARENT",
          "REFRESH_SELFMOVED",
          "REFRESH_INSERTED"
        ]
      },
      {
        "name": "aftermove",
        "type": "String|Function",
        "values": [
          "REFRESH_PAGE",
          "REFRESH_SELF",
          "REFRESH_PARENT",
          "REFRESH_SELFMOVED",
          "REFRESH_INSERTED"
        ]
      },
      {
        "name": "afterchildinsert",
        "type": "String|Function",
        "values": [
          "REFRESH_PAGE",
          "REFRESH_SELF",
          "REFRESH_PARENT",
          "REFRESH_SELFMOVED",
          "REFRESH_INSERTED"
        ]
      }
    ]
  }
]